State_Name,Growth_Rate_Percentage
Jharkhand,inf
Punjab,289.4736842105263
Uttar Pradesh,28.1839460278122
Rajasthan,22.791578193353644
West Bengal,17.274274078826256
